City_ID,City,Country,Date,Lat,Lng,Max Temp,Humidity,Cloudiness,Wind Speed
0,Rikitea,PF,2021-03-25 02:21:21,-23.1203,-134.9692,79.7,74,48,15.28
1,Jamestown,US,2021-03-25 02:24:40,42.097,-79.2353,59.0,77,20,11.72
2,Kismayo,SO,2021-03-25 02:24:40,-0.3582,42.5454,78.71,82,9,9.06
3,Kiama,AU,2021-03-25 02:24:41,-34.6833,150.8667,80.01,62,36,1.01
4,Morant Bay,JM,2021-03-25 02:24:41,17.8815,-76.4093,80.6,65,20,17.27
5,Torbay,CA,2021-03-25 02:24:41,47.6666,-52.7314,36.0,69,90,9.22
6,Isangel,VU,2021-03-25 02:24:42,-19.55,169.2667,82.4,69,75,2.98
7,Limbang,MY,2021-03-25 02:24:42,4.75,115.0,87.8,74,75,2.3
8,Mehamn,NO,2021-03-25 02:24:42,71.0357,27.8492,27.28,85,95,4.07
9,New Norfolk,AU,2021-03-25 02:24:43,-42.7826,147.0587,66.0,68,100,3.0
10,Kaitangata,NZ,2021-03-25 02:24:43,-46.2817,169.8464,62.01,89,83,10.0
11,Barrow,US,2021-03-25 02:24:43,71.2906,-156.7887,-2.2,71,40,5.75
12,Saint-Philippe,RE,2021-03-25 02:24:44,-21.3585,55.7679,77.0,69,0,4.61
13,Kavieng,PG,2021-03-25 02:24:44,-2.5744,150.7967,83.55,73,92,10.4
14,Puerto Ayacucho,VE,2021-03-25 02:24:44,5.6639,-67.6236,76.35,85,98,4.5
15,Vaini,TO,2021-03-25 02:24:44,-21.2,-175.2,75.2,94,75,20.71
16,Butaritari,KI,2021-03-25 02:24:45,3.0707,172.7902,81.7,79,27,17.16
17,Hilo,US,2021-03-25 02:20:45,19.7297,-155.09,84.2,48,1,17.27
18,Georgetown,MY,2021-03-25 02:24:45,5.4112,100.3354,84.2,83,20,2.3
19,Ushuaia,AR,2021-03-25 02:21:32,-54.8,-68.3,42.8,81,40,20.71
20,Havoysund,NO,2021-03-25 02:24:46,70.9963,24.6622,33.8,93,90,4.61
21,Provost,CA,2021-03-25 02:24:46,52.3501,-110.2683,44.6,70,100,3.44
22,Virginia Beach,US,2021-03-25 02:24:46,36.8529,-75.978,62.01,92,100,1.99
23,Nome,US,2021-03-25 02:20:22,64.5011,-165.4064,24.8,74,90,14.97
24,Kodiak,US,2021-03-25 02:23:57,57.79,-152.4072,44.6,61,40,4.61
25,Banamba,ML,2021-03-25 02:24:47,13.55,-7.45,81.14,13,30,13.44
26,Tasiilaq,GL,2021-03-25 02:24:47,65.6145,-37.6368,5.0,66,20,10.36
27,Padang,ID,2021-03-25 02:24:48,-0.9492,100.3543,82.4,83,20,2.3
28,Tazovskiy,RU,2021-03-25 02:24:48,67.4667,78.7,-3.53,99,98,6.96
29,Tamala,RU,2021-03-25 02:24:48,52.541,43.2515,27.68,90,99,11.81
30,Castro,BR,2021-03-25 02:24:49,-24.7911,-50.0119,64.54,89,78,2.37
31,Hobart,AU,2021-03-25 02:20:20,-42.8794,147.3294,64.99,68,75,14.97
32,Cayenne,GF,2021-03-25 02:24:49,4.9333,-52.3333,80.01,94,20,8.68
33,Busselton,AU,2021-03-25 02:24:49,-33.65,115.3333,66.0,66,41,3.0
34,Alyangula,AU,2021-03-25 02:24:50,-13.8483,136.4192,85.23,71,97,6.17
35,Harrisburg,US,2021-03-25 02:23:32,40.2737,-76.8844,55.99,94,90,2.35
36,Ginda,IN,2021-03-25 02:24:50,30.6945,78.4932,62.6,48,0,3.44
37,Avera,US,2021-03-25 02:24:50,33.194,-82.5271,64.4,100,90,3.96
38,Tiksi,RU,2021-03-25 02:24:51,71.6872,128.8694,-14.15,91,49,4.65
39,Hermanus,ZA,2021-03-25 02:24:51,-34.4187,19.2345,68.0,81,1,10.0
40,Springbok,ZA,2021-03-25 02:24:51,-29.6643,17.8865,64.31,48,0,4.97
41,Nanortalik,GL,2021-03-25 02:24:52,60.1432,-45.2371,17.11,58,43,32.08
42,Mataura,NZ,2021-03-25 02:24:52,-46.1927,168.8643,64.0,73,8,1.99
43,Iqaluit,CA,2021-03-25 02:24:52,63.7506,-68.5145,-16.01,63,90,9.22
44,Luderitz,NA,2021-03-25 02:24:53,-26.6481,15.1594,63.68,85,1,6.29
45,Emba,KZ,2021-03-25 02:24:53,48.8264,58.1442,31.46,88,100,21.12
46,Airai,TL,2021-03-25 02:24:53,-8.9266,125.4092,74.32,61,42,1.95
47,Yellowknife,CA,2021-03-25 02:24:54,62.456,-114.3525,3.2,60,20,8.05
48,Lavrentiya,RU,2021-03-25 02:24:54,65.5833,-171.0,17.1,89,87,3.31
49,Kokkola,FI,2021-03-25 02:24:54,63.8385,23.1307,32.0,86,0,6.91
50,Lompoc,US,2021-03-25 02:24:55,34.6391,-120.4579,55.4,71,20,11.5
51,Norman Wells,CA,2021-03-25 02:24:55,65.282,-126.8329,12.2,52,75,4.61
52,Bud,US,2021-03-25 02:24:55,39.447,-86.1758,59.0,51,1,3.44
53,Yar-Sale,RU,2021-03-25 02:24:56,66.8333,70.8333,9.84,94,30,11.86
54,Loreto,MX,2021-03-25 02:24:56,22.2667,-101.9667,62.33,15,99,13.94
55,Mahebourg,MU,2021-03-25 02:24:56,-20.4081,57.7,75.2,94,20,6.91
56,Poum,NC,2021-03-25 02:24:57,-20.2333,164.0167,80.31,75,58,19.17
57,Atuona,PF,2021-03-25 02:23:51,-9.8,-139.0333,80.71,77,33,19.75
58,Qasigiannguit,GL,2021-03-25 02:24:57,68.8193,-51.1922,-4.0,77,90,6.91
59,Cherskiy,RU,2021-03-25 02:24:57,68.75,161.3,0.09,88,100,3.74
60,Sakakah,SA,2021-03-25 02:24:58,29.9697,40.2064,57.2,30,0,12.66
61,Zhezkazgan,KZ,2021-03-25 02:24:58,47.8043,67.7144,23.81,83,100,8.16
62,Okha,RU,2021-03-25 02:24:58,53.5739,142.9478,15.04,64,0,13.67
63,Komsomolskiy,UZ,2021-03-25 02:24:59,40.4272,71.7189,50.0,66,56,6.91
64,Arraial Do Cabo,BR,2021-03-25 02:24:59,-22.9661,-42.0278,76.01,87,13,4.5
65,Batagay-Alyta,RU,2021-03-25 02:24:59,67.8006,130.4114,-6.99,88,42,3.49
66,Upernavik,GL,2021-03-25 02:24:59,72.7868,-56.1549,-25.06,93,69,4.36
67,Punta Arenas,CL,2021-03-25 02:25:00,-53.15,-70.9167,46.4,76,75,10.36
68,Bredasdorp,ZA,2021-03-25 02:25:00,-34.5322,20.0403,64.4,94,99,6.91
69,East London,ZA,2021-03-25 02:25:01,-33.0153,27.9116,68.07,85,100,10.33
70,Cabo San Lucas,MX,2021-03-25 02:24:38,22.8909,-109.9124,64.99,67,40,11.5
71,Shache,CN,2021-03-25 02:20:21,38.4167,77.2406,52.36,31,15,3.8
72,Ridgecrest,US,2021-03-25 02:25:01,35.6225,-117.6709,62.6,12,75,13.8
73,Swan Hill,AU,2021-03-25 02:25:02,-35.3378,143.5544,70.18,37,1,15.3
74,Tessalit,ML,2021-03-25 02:25:02,20.1986,1.0114,64.4,11,0,10.78
75,Nantucket,US,2021-03-25 02:25:02,41.2835,-70.0995,42.01,91,100,11.5
76,Tuktoyaktuk,CA,2021-03-25 02:25:03,69.4541,-133.0374,5.0,72,75,10.36
77,Taoudenni,ML,2021-03-25 02:25:04,22.6783,-3.9836,66.51,14,0,11.77
78,Clarence Town,AU,2021-03-25 02:25:04,-32.5833,151.7833,80.01,50,40,17.27
79,Puerto Ayora,EC,2021-03-25 02:25:05,-0.7393,-90.3518,77.0,94,19,3.18
80,Souillac,MU,2021-03-25 02:25:05,-20.5167,57.5167,75.2,94,20,6.91
81,Mar Del Plata,AR,2021-03-25 02:25:05,-38.0023,-57.5575,69.01,94,75,6.91
82,Steffisburg,CH,2021-03-25 02:25:06,46.7781,7.6325,37.99,93,0,1.14
83,Cidreira,BR,2021-03-25 02:25:06,-30.1811,-50.2056,73.31,81,2,10.65
84,Abasolo,MX,2021-03-25 02:25:06,20.45,-101.5167,71.6,16,75,5.75
85,Nikolskoye,RU,2021-03-25 02:25:07,59.7035,30.7861,39.0,81,90,6.71
86,Ourossogui,SN,2021-03-25 02:25:07,15.6064,-13.3211,88.36,13,1,14.18
87,Swan River,CA,2021-03-25 02:25:07,52.1058,-101.2676,24.8,46,87,11.5
88,Hasaki,JP,2021-03-25 02:25:08,35.7333,140.8333,66.0,63,75,11.5
89,Bambous Virieux,MU,2021-03-25 02:25:08,-20.3428,57.7575,77.0,94,20,6.91
90,Goure,NE,2021-03-25 02:25:09,13.9835,10.2704,79.0,9,100,11.01
91,Ozernovskiy,RU,2021-03-25 02:25:09,51.5,156.5167,28.2,66,100,27.78
92,Port Alfred,ZA,2021-03-25 02:25:09,-33.5906,26.891,68.36,85,100,14.9
93,Kendal,GB,2021-03-25 02:25:09,54.3268,-2.7476,46.99,87,71,3.0
94,Brae,GB,2021-03-25 02:25:10,60.3964,-1.353,44.6,81,90,26.46
95,Codrington,AU,2021-03-25 02:25:10,-38.2667,141.9667,62.87,69,55,19.17
96,Ljungby,SE,2021-03-25 02:25:10,56.8332,13.9408,42.8,100,90,9.22
97,Asmar,AF,2021-03-25 02:25:11,35.0333,71.3581,52.3,46,81,9.35
98,Ankpa,NG,2021-03-25 02:25:11,7.3706,7.6253,71.62,88,100,7.96
99,Greensburg,US,2021-03-25 02:25:11,40.3015,-79.5389,60.8,67,1,5.17
100,Albany,US,2021-03-25 02:24:52,42.6001,-73.9662,52.0,80,100,3.0
101,Hithadhoo,MV,2021-03-25 02:25:12,-0.6,73.0833,82.98,70,91,10.74
102,Solnechnyy,RU,2021-03-25 02:25:12,50.7214,136.6319,32.88,54,38,4.41
103,Aguas Formosas,BR,2021-03-25 02:25:13,-17.0822,-40.9358,68.14,81,0,1.81
104,Sisimiut,GL,2021-03-25 02:25:13,66.9395,-53.6735,-0.89,94,100,8.37
105,Esperance,AU,2021-03-25 02:25:13,-33.8667,121.9,68.0,56,12,10.36
106,Faanui,PF,2021-03-25 02:25:14,-16.4833,-151.75,83.73,74,97,20.83
107,Caravelas,BR,2021-03-25 02:25:14,-17.7125,-39.2481,74.93,84,0,4.43
108,Avarua,CK,2021-03-25 02:25:14,-21.2078,-159.775,86.0,79,75,16.11
109,Karratha,AU,2021-03-25 02:25:15,-20.7377,116.8463,88.18,46,4,5.5
110,Dikson,RU,2021-03-25 02:25:15,73.5069,80.5464,-0.83,98,96,3.49
111,Deputatskiy,RU,2021-03-25 02:25:15,69.3,139.9,-7.35,93,96,1.77
112,Cape Town,ZA,2021-03-25 02:25:16,-33.9258,18.4232,66.99,88,0,1.14
113,Pershotravneve,UA,2021-03-25 02:25:16,51.3929,28.8684,26.06,85,6,3.71
114,Sagarejo,GE,2021-03-25 02:25:16,41.734,45.3315,41.0,65,0,29.93
115,Thanh Hoa,VN,2021-03-25 02:25:17,19.8,105.7667,70.93,92,100,1.3
116,La Rioja,ES,2021-03-25 02:25:17,42.25,-2.5,46.99,93,67,5.75
117,Te Anau,NZ,2021-03-25 02:25:17,-45.4167,167.7167,66.63,50,1,0.74
118,Provideniya,RU,2021-03-25 02:25:18,64.3833,-173.3,19.4,73,75,8.95
119,Fortuna,US,2021-03-25 02:25:18,40.5982,-124.1573,48.99,93,90,8.05
120,Sochi,RU,2021-03-25 02:24:18,43.6,39.7303,39.2,93,90,4.47
121,Mountain Home,US,2021-03-25 02:25:18,43.133,-115.6912,46.4,36,90,5.75
122,La Primavera,CO,2021-03-25 02:25:19,5.4906,-70.4092,78.69,76,99,3.31
123,Umm Lajj,SA,2021-03-25 02:25:19,25.0213,37.2685,69.8,40,0,14.63
124,Flinders,AU,2021-03-25 02:25:19,-34.5833,150.8552,80.01,64,34,3.0
125,Yerbogachen,RU,2021-03-25 02:25:20,61.2767,108.0108,16.81,88,100,7.81
126,Omboue,GA,2021-03-25 02:25:20,-1.5746,9.2618,77.05,85,100,4.56
127,Oeiras Do Para,BR,2021-03-25 02:25:21,-2.0031,-49.8544,72.93,98,100,3.74
128,Santa Cruz,BO,2021-03-25 02:25:21,-17.8,-63.1667,73.4,94,75,3.44
129,Luau,AO,2021-03-25 02:25:21,-10.7073,22.2247,63.57,98,100,3.13
130,Tobermory,CA,2021-03-25 02:25:22,45.2501,-81.6665,51.8,82,97,6.91
131,Quelimane,MZ,2021-03-25 02:25:22,-17.8786,36.8883,75.2,94,20,4.25
132,Port Hedland,AU,2021-03-25 02:25:22,-20.3167,118.5667,91.4,52,7,3.44
133,Carnarvon,AU,2021-03-25 02:25:23,-24.8667,113.6333,78.8,61,16,17.27
134,Kahului,US,2021-03-25 02:21:34,20.8947,-156.47,78.8,69,40,6.91
135,Shelburne,CA,2021-03-25 02:25:23,44.0787,-80.2041,53.01,78,1,14.65
136,Klaksvik,FO,2021-03-25 02:25:23,62.2266,-6.589,37.4,93,20,3.44
137,Hualmay,PE,2021-03-25 02:25:24,-11.0964,-77.6139,70.7,81,100,10.04
138,Lata,PT,2021-03-25 02:25:24,40.1629,-8.3327,42.01,90,3,2.57
139,Harnosand,SE,2021-03-25 02:25:24,62.6323,17.9379,36.0,93,99,4.61
140,Bengkulu,ID,2021-03-25 02:25:25,-3.8004,102.2655,77.52,75,100,1.52
141,Fomboni,KM,2021-03-25 02:25:25,-12.28,43.7425,82.74,71,16,3.6
142,Sorong,ID,2021-03-25 02:25:26,-0.8833,131.25,78.82,84,100,4.14
143,Kapaa,US,2021-03-25 02:25:26,22.0752,-159.319,81.0,73,20,10.36
144,Bitung,ID,2021-03-25 02:25:26,1.4451,125.1824,82.4,78,40,2.3
145,Bunia,CD,2021-03-25 02:25:26,1.5667,30.25,67.77,66,100,1.36
146,Aklavik,CA,2021-03-25 02:25:27,68.2191,-135.0107,15.8,57,100,2.3
147,Parker,US,2021-03-25 02:25:14,32.7668,-97.8003,57.99,72,99,7.0
148,Bethel,US,2021-03-25 02:25:28,41.3712,-73.414,51.01,95,100,5.01
149,Novikovo,RU,2021-03-25 02:25:28,51.1537,37.8879,30.54,87,100,13.6
150,Nouakchott,MR,2021-03-25 02:25:28,18.0858,-15.9785,67.06,71,0,16.96
151,Erdenet,MN,2021-03-25 02:25:29,49.0333,104.0833,39.94,33,100,3.36
152,Bjornevatn,NO,2021-03-25 02:25:29,69.6672,29.9847,35.6,60,90,20.71
153,Verkhoyansk,RU,2021-03-25 02:25:29,67.5447,133.385,-8.61,84,99,2.42
154,Banepa,NP,2021-03-25 02:25:30,27.6298,85.5214,60.8,55,20,2.3
155,Namibe,AO,2021-03-25 02:25:30,-15.1961,12.1522,72.48,83,100,6.17
156,Bluff,NZ,2021-03-25 02:25:30,-46.6,168.3333,64.0,73,13,1.99
157,Oranjemund,NA,2021-03-25 02:25:31,-28.55,16.4333,63.23,86,0,4.12
158,Tawang,IN,2021-03-25 02:25:31,27.5833,91.8667,49.33,43,20,3.4
159,Geraldton,AU,2021-03-25 02:25:31,-28.7667,114.6,77.0,41,1,20.71
160,Huarmey,PE,2021-03-25 02:25:32,-10.0681,-78.1522,71.64,79,100,7.31
161,Key West,US,2021-03-25 02:21:27,24.5557,-81.7826,77.0,88,20,14.97
162,Dingle,PH,2021-03-25 02:25:32,10.9995,122.6711,84.85,69,100,15.88
163,San Francisco,US,2021-03-25 02:24:56,37.7749,-122.4194,54.0,66,75,10.36
164,Ponta Delgada,PT,2021-03-25 02:25:32,37.7333,-25.6667,55.4,71,20,12.66
165,Longyearbyen,SJ,2021-03-25 02:25:33,78.2186,15.6401,26.6,74,40,13.8
166,Korla,CN,2021-03-25 02:25:33,41.7597,86.1469,50.65,28,0,6.51
167,Bartlesville,US,2021-03-25 02:25:33,36.7473,-95.9808,52.0,76,1,5.75
168,Naze,JP,2021-03-25 02:22:16,28.3667,129.4833,71.6,64,40,14.97
169,Sitka,US,2021-03-25 02:25:34,57.0531,-135.33,37.4,87,90,10.36
170,Pevek,RU,2021-03-25 02:25:34,69.7008,170.3133,-10.59,89,100,2.08
171,Marawi,PH,2021-03-25 02:25:34,7.9986,124.2928,82.99,78,100,5.99
172,Half Moon Bay,US,2021-03-25 02:25:35,37.4636,-122.4286,54.0,81,40,11.5
173,Narsaq,GL,2021-03-25 02:25:35,60.9167,-46.05,15.8,53,75,11.5
174,Manta,EC,2021-03-25 02:21:53,-0.95,-80.7333,77.0,83,40,5.75
175,Talcahuano,CL,2021-03-25 02:25:35,-36.7167,-73.1167,53.6,62,0,12.66
176,Victoria,HK,2021-03-25 02:23:06,22.2855,114.1577,73.0,72,82,4.0
177,Pangnirtung,CA,2021-03-25 02:25:36,66.1451,-65.7125,-26.91,96,100,3.71
178,Requena,ES,2021-03-25 02:25:36,39.4883,-1.1004,51.01,88,2,3.0
179,Hutchinson,US,2021-03-25 02:24:10,38.0608,-97.9298,46.4,71,90,5.75
180,Yulara,AU,2021-03-25 02:25:37,-25.2406,130.9889,84.2,32,0,17.27
181,Tura,IN,2021-03-25 02:25:37,25.5198,90.2201,83.05,18,6,4.45
182,Corum,TR,2021-03-25 02:25:38,40.5,34.75,22.69,85,100,8.39
183,Burnie,AU,2021-03-25 02:25:38,-41.0667,145.9167,61.92,79,100,16.84
184,Bahia Honda,CU,2021-03-25 02:25:38,22.9036,-83.1592,75.02,84,51,8.25
185,Bambanglipuro,ID,2021-03-25 02:25:38,-7.95,110.2833,83.44,72,99,4.99
186,Hamilton,US,2021-03-25 02:25:30,39.1834,-84.5333,64.99,48,20,4.61
187,Nouadhibou,MR,2021-03-25 02:25:39,20.931,-17.0347,62.6,94,75,13.8
188,Saskylakh,RU,2021-03-25 02:25:39,71.9167,114.0833,-2.29,90,100,9.75
189,Trincomalee,LK,2021-03-25 02:25:40,8.5711,81.2335,82.13,74,100,7.43
190,Comodoro Rivadavia,AR,2021-03-25 02:21:47,-45.8667,-67.5,59.0,44,0,5.75
191,Dandong,CN,2021-03-25 02:25:40,40.1292,124.3947,50.43,71,31,9.35
192,Sioux Lookout,CA,2021-03-25 02:25:40,50.1001,-91.917,24.8,80,75,5.75
193,Mayskiy,RU,2021-03-25 02:25:41,47.6931,40.1025,33.8,93,90,11.18
194,Zwedru,LR,2021-03-25 02:25:41,6.0667,-8.1281,74.73,95,100,2.84
195,Baykit,RU,2021-03-25 02:25:41,61.67,96.37,24.12,94,100,3.33
196,Katsina,NG,2021-03-25 02:25:42,12.9894,7.6006,78.33,18,70,7.85
197,Itarema,BR,2021-03-25 02:25:42,-2.9248,-39.9167,77.76,85,90,6.33
198,Dubinino,RU,2021-03-25 02:25:42,55.6192,89.0911,26.31,77,99,14.7
199,Canutama,BR,2021-03-25 02:25:43,-6.5339,-64.3831,70.92,98,83,1.14
200,Baijiantan,CN,2021-03-25 02:22:10,45.6333,85.1833,35.2,52,41,9.82
201,Ixtapa,MX,2021-03-25 02:25:43,20.7,-105.2,71.6,64,40,5.75
202,Ilirska Bistrica,SI,2021-03-25 02:25:43,45.5697,14.2408,34.0,80,0,3.47
203,Labuhan,ID,2021-03-25 02:25:44,-6.8844,112.2051,83.01,74,100,3.8
204,Mbeya,TZ,2021-03-25 02:25:44,-8.9,33.45,58.37,95,99,4.07
205,Praia,CV,2021-03-25 02:25:44,14.9215,-23.5087,68.0,77,0,14.97
206,Saint-Georges,GD,2021-03-25 02:25:45,12.0564,-61.7485,78.8,78,20,8.05
207,Verkhnevilyuysk,RU,2021-03-25 02:25:45,63.4453,120.3167,6.46,90,97,3.2
208,Port Blair,IN,2021-03-25 02:25:45,11.6667,92.75,84.29,71,61,8.05
209,Winslow,US,2021-03-25 02:25:46,35.0242,-110.6974,42.01,75,40,6.91
210,San Patricio,US,2021-03-25 02:25:46,28.017,-97.5169,71.01,100,90,12.66
211,Westport,US,2021-03-25 02:25:46,41.1415,-73.3579,50.0,93,90,13.8
212,Faya,SA,2021-03-25 02:25:47,18.3851,42.4509,59.0,54,0,4.61
213,Alofi,NU,2021-03-25 02:25:47,-19.0595,-169.9187,86.0,74,40,9.22
214,Saint-Joseph,RE,2021-03-25 02:25:48,-21.3667,55.6167,77.0,69,0,4.61
215,Ponta Do Sol,PT,2021-03-25 02:25:48,32.6667,-17.1,55.99,66,99,3.0
216,Olafsvik,IS,2021-03-25 02:25:48,64.8945,-23.7142,30.72,62,85,7.83
217,Talnakh,RU,2021-03-25 02:25:49,69.4865,88.3972,16.14,94,100,10.87
218,Nabire,ID,2021-03-25 02:25:49,-3.3667,135.4833,85.41,64,95,2.59
219,Kokopo,PG,2021-03-25 02:25:49,-4.352,152.2633,83.89,67,52,3.8
220,Denpasar,ID,2021-03-25 02:25:50,-8.65,115.2167,84.2,79,40,3.44
221,Cordoba,AR,2021-03-25 02:24:45,-31.4135,-64.1811,71.01,94,75,1.14
222,Sao Joao Da Barra,BR,2021-03-25 02:25:50,-21.6403,-41.0511,76.19,89,3,3.96
223,Guerrero Negro,MX,2021-03-25 02:25:51,27.9769,-114.0611,57.7,75,0,14.56
224,Russell,US,2021-03-25 02:25:51,32.3502,-85.1999,62.6,94,75,4.63
225,Rocha,UY,2021-03-25 02:25:51,-34.4833,-54.3333,61.57,92,2,6.15
226,Baghdad,IQ,2021-03-25 02:22:02,33.3406,44.4009,62.6,45,83,13.8
227,Ahipara,NZ,2021-03-25 02:25:52,-35.1667,173.1667,69.24,58,19,3.09
228,Aykhal,RU,2021-03-25 02:25:52,66.0,111.5,3.72,92,100,9.62
229,Lebu,CL,2021-03-25 02:25:52,-37.6167,-73.65,54.32,68,54,18.61
230,Ballina,AU,2021-03-25 02:25:53,-28.8667,153.5667,82.4,39,0,8.05
231,Clyde River,CA,2021-03-25 02:25:53,70.4692,-68.5914,-16.6,63,40,17.27
232,Sechura,PE,2021-03-25 02:25:53,-5.5569,-80.8222,75.56,68,100,13.87
233,Zapolyarnyy,RU,2021-03-25 02:21:14,69.4154,30.8136,35.6,60,90,20.71
234,Pasighat,IN,2021-03-25 02:25:54,28.0667,95.3333,84.38,25,39,0.96
235,Port Lincoln,AU,2021-03-25 02:25:54,-34.7333,135.8667,67.06,52,5,12.15
236,Meulaboh,ID,2021-03-25 02:21:06,4.1363,96.1285,78.12,81,85,1.92
237,Rio Grande,BR,2021-03-25 02:24:33,-32.035,-52.0986,70.0,89,0,11.5
238,Uyovu,TZ,2021-03-25 02:25:55,-3.2833,31.5258,61.41,97,100,4.09
239,Ceyhan,TR,2021-03-25 02:25:55,37.0247,35.8175,53.01,49,40,17.27
240,Ulaanbaatar,MN,2021-03-25 02:25:55,47.9077,106.8832,44.6,18,75,4.47
241,Tiznit,MA,2021-03-25 02:25:55,29.5833,-9.5,64.26,22,0,5.59
242,Capreol,CA,2021-03-25 02:25:56,46.706,-80.9225,51.01,93,90,13.8
243,Qaanaaq,GL,2021-03-25 02:25:56,77.484,-69.3632,-19.48,55,15,8.28
244,Praya,CV,2021-03-25 02:25:57,14.9215,-23.5087,68.0,77,0,14.97
245,Orodara,BF,2021-03-25 02:25:57,10.9492,-4.9342,81.45,14,82,3.67
246,Wonthaggi,AU,2021-03-25 02:25:57,-38.6044,145.5913,66.99,70,31,19.95
247,Dunedin,NZ,2021-03-25 02:24:39,-45.8742,170.5036,61.0,80,100,1.01
248,Yambio,SS,2021-03-25 02:25:58,4.5721,28.3955,71.8,70,93,1.05
249,Marzuq,YE,2021-03-25 02:25:58,14.4,46.4667,64.08,23,0,5.03
250,Morgan Hill,US,2021-03-25 02:23:04,37.1305,-121.6544,61.0,25,1,3.74
251,Buzmeyin,TM,2021-03-25 02:25:58,38.0507,58.2056,82.4,21,75,4.61
252,Khasan,RU,2021-03-25 02:25:59,42.4308,130.6434,43.23,72,35,4.52
253,Khovu-Aksy,RU,2021-03-25 02:25:59,51.1333,93.6,25.29,76,87,1.21
254,Ilulissat,GL,2021-03-25 02:25:59,69.2167,-51.1,-4.0,77,90,6.91
255,Yarada,IN,2021-03-25 02:26:00,17.65,83.2667,73.4,88,20,3.44
256,Harper,LR,2021-03-25 02:26:00,4.375,-7.7169,77.83,88,100,2.89
257,Acarau,BR,2021-03-25 02:26:00,-2.8856,-40.12,78.04,85,90,6.87
258,Sesheke,ZM,2021-03-25 02:26:01,-17.4759,24.2968,64.13,91,18,4.65
259,Khatanga,RU,2021-03-25 02:24:13,71.9667,102.5,-5.64,93,46,3.6
260,Vlore,AL,2021-03-25 02:24:26,40.4667,19.4897,43.05,72,6,8.52
261,Tecoanapa,MX,2021-03-25 02:26:01,16.5167,-98.75,76.93,71,0,7.07
262,Paramonga,PE,2021-03-25 02:26:01,-10.6667,-77.8333,71.17,80,100,7.92
263,Vao,NC,2021-03-25 02:26:02,-22.6667,167.4833,76.51,67,25,13.67
264,Egvekinot,RU,2021-03-25 02:26:02,66.3167,-179.1667,9.27,89,100,3.02
265,Willowmore,ZA,2021-03-25 02:26:02,-33.2926,23.4895,59.54,87,100,7.81
266,Bairiki,KI,2021-03-25 02:26:03,1.3292,172.9752,86.0,70,20,12.66
267,Minot,US,2021-03-25 02:26:03,48.2325,-101.2963,33.8,55,1,10.36
268,Severo-Kurilsk,RU,2021-03-25 02:26:03,50.6789,156.125,28.56,60,23,13.51
269,Maragogi,BR,2021-03-25 02:26:04,-9.0122,-35.2225,77.54,81,22,7.72
270,Kushima,JP,2021-03-25 02:26:04,31.4583,131.2333,62.6,77,75,10.36
271,Saldanha,ZA,2021-03-25 02:26:04,-33.0117,17.9442,68.0,68,0,3.44
272,Salinopolis,BR,2021-03-25 02:26:05,-0.6136,-47.3561,76.51,90,99,7.9
273,Frutal,BR,2021-03-25 02:26:05,-20.0247,-48.9406,77.45,48,65,2.33
274,Fallon,US,2021-03-25 02:26:05,39.4735,-118.7774,48.2,29,75,5.75
275,Roma,US,2021-03-25 02:26:05,43.2128,-75.4557,52.0,82,90,8.05
276,Christchurch,NZ,2021-03-25 02:26:06,-43.5333,172.6333,68.0,60,24,17.27
277,Qobustan,AZ,2021-03-25 02:26:06,40.0824,49.412,44.6,93,40,13.8
278,Megion,RU,2021-03-25 02:26:06,61.0296,76.1136,21.2,93,0,4.47
279,Dalnegorsk,RU,2021-03-25 02:26:07,44.5604,135.5701,45.23,72,91,1.34
280,Panacan,PH,2021-03-25 02:26:07,9.2463,118.4082,87.8,66,75,6.91
281,Trelew,AR,2021-03-25 02:22:02,-43.249,-65.3051,54.41,55,0,8.52
282,Pomabamba,PE,2021-03-25 02:26:07,-8.8333,-77.4667,46.87,88,70,0.89
283,Sistranda,NO,2021-03-25 02:26:08,63.7256,8.834,39.2,87,75,10.36
284,Katherine,AU,2021-03-25 02:26:08,-14.4667,132.2667,84.2,74,90,3.44
285,Asyut,EG,2021-03-25 02:26:08,27.181,31.1837,66.2,37,0,12.66
286,Basco,PH,2021-03-25 02:26:09,20.4487,121.9702,74.59,84,94,24.14
287,Digby,CA,2021-03-25 02:26:09,44.6169,-65.7655,48.2,93,100,4.61
288,Fairbanks,US,2021-03-25 02:24:33,64.8378,-147.7164,27.0,86,90,5.75
289,Pacific Grove,US,2021-03-25 02:26:09,36.6177,-121.9166,53.6,76,1,6.91
290,Vardo,NO,2021-03-25 02:26:10,70.3705,31.1107,34.12,80,99,27.2
291,Tautira,PF,2021-03-25 02:26:10,-17.7333,-149.15,89.6,58,75,12.66
292,Matara,LK,2021-03-25 02:26:10,5.9485,80.5353,76.33,89,100,4.99
293,Amahai,ID,2021-03-25 02:26:11,-3.3333,128.9167,86.43,63,66,3.44
294,Belaya Gora,RU,2021-03-25 02:26:11,68.5333,146.4167,-8.23,84,98,3.02
295,Ferrandina,IT,2021-03-25 02:26:11,40.5012,16.4547,48.2,76,0,11.5
296,Turukhansk,RU,2021-03-25 02:21:15,65.8167,87.9833,21.31,95,100,9.69
297,Igarka,RU,2021-03-25 02:26:12,67.4667,86.5833,20.91,95,100,9.98
298,Bubaque,GW,2021-03-25 02:26:12,11.2833,-15.8333,77.29,69,28,14.23
299,Visby,SE,2021-03-25 02:26:12,57.6409,18.296,45.0,81,90,16.11
300,Kazachinskoye,RU,2021-03-25 02:26:12,57.6953,93.2761,27.68,86,100,12.88
301,Mayenne,FR,2021-03-25 02:26:13,48.3333,-0.6667,48.2,87,75,6.91
302,Kalmunai,LK,2021-03-25 02:26:13,7.4167,81.8167,79.2,83,100,3.0
303,Krasnyy Chikoy,RU,2021-03-25 02:26:13,50.3643,108.7512,32.18,77,100,3.76
304,Lamar,US,2021-03-25 02:26:14,33.6668,-95.5836,62.01,94,90,5.75
305,Ribeira Grande,PT,2021-03-25 02:26:14,38.5167,-28.7,56.86,64,32,3.47
306,Vila Franca Do Campo,PT,2021-03-25 02:26:14,37.7167,-25.4333,55.4,71,20,12.66
307,Mayo,US,2021-03-25 02:26:15,38.8876,-76.5119,57.0,100,90,4.61
308,Ilhabela,BR,2021-03-25 02:21:59,-23.7781,-45.3581,77.13,84,49,2.08
309,Kamaishi,JP,2021-03-25 02:26:15,39.2667,141.8833,55.4,67,90,3.44
310,Ust-Nera,RU,2021-03-25 02:26:16,64.5667,143.2,-1.35,83,94,4.21
311,Port Hardy,CA,2021-03-25 02:26:16,50.6996,-127.4199,42.8,93,75,9.22
312,Jizan,SA,2021-03-25 02:26:16,17.3333,42.6667,78.8,53,3,3.09
313,Sulangan,PH,2021-03-25 02:26:16,11.1373,123.7228,81.68,78,100,13.11
314,Cururupu,BR,2021-03-25 02:26:17,-1.8283,-44.8683,73.69,96,100,3.11
315,Hofn,IS,2021-03-25 02:26:17,64.2539,-15.2082,35.13,64,100,6.69
316,Urusha,RU,2021-03-25 02:26:17,54.05,122.9,27.5,89,94,1.3
317,Gladstone,AU,2021-03-25 02:23:12,-23.85,151.25,86.0,42,40,6.91
318,Waddan,LY,2021-03-25 02:26:18,29.1614,16.139,47.66,63,6,3.49
319,Natal,BR,2021-03-25 02:26:18,-5.795,-35.2094,75.2,100,75,3.44
320,Belmonte,BR,2021-03-25 02:26:19,-15.8631,-38.8828,78.8,73,20,5.75
321,Svetlyy,RU,2021-03-25 02:26:19,54.675,20.1347,41.0,81,58,8.95
322,Sungairaya,ID,2021-03-25 02:26:19,0.7,108.9,77.58,88,100,4.56
323,Sao Filipe,CV,2021-03-25 02:26:19,14.8961,-24.4956,72.54,71,2,12.53
324,Haradok,BY,2021-03-25 02:26:20,55.4624,29.9816,26.2,96,99,3.69
325,Jiuquan,CN,2021-03-25 02:26:20,39.7432,98.5174,47.61,21,98,9.55
326,Vidim,RU,2021-03-25 02:26:21,56.4088,103.1106,28.15,96,100,7.45
327,Perevolotskiy,RU,2021-03-25 02:26:21,51.8763,54.1938,25.32,90,76,16.17
328,Dali,CN,2021-03-25 02:26:21,25.7,100.1833,64.44,32,0,5.1
329,La Carolina,ES,2021-03-25 02:26:22,38.2756,-3.6153,45.68,84,13,1.57
330,Kainantu,PG,2021-03-25 02:26:22,-6.2887,145.8655,73.71,68,100,3.04
331,Srednekolymsk,RU,2021-03-25 02:26:22,67.45,153.6833,-1.25,82,100,4.16
332,Nioro,GM,2021-03-25 02:26:23,13.35,-15.75,80.22,25,2,11.77
333,Vila Velha,BR,2021-03-25 02:26:23,-20.3297,-40.2925,78.8,83,75,3.44
334,Gizo,SB,2021-03-25 02:26:23,-8.103,156.8419,84.87,68,95,4.85
335,Anuradhapura,LK,2021-03-25 02:26:24,8.3565,80.4173,79.39,79,100,4.43
336,Hirara,JP,2021-03-25 02:26:24,24.8,125.2833,73.4,68,20,12.66
337,Kamenka,RU,2021-03-25 02:26:24,51.3223,42.7678,33.01,91,100,15.28
338,Inirida,CO,2021-03-25 02:26:25,3.8653,-67.9239,73.6,93,17,2.42
339,Kasempa,ZM,2021-03-25 02:26:25,-13.4584,25.8338,60.12,98,20,4.79
340,Amapa,BR,2021-03-25 02:26:25,1.0,-52.0,69.3,99,100,1.72
341,Columbia,US,2021-03-25 02:25:40,34.0007,-81.0348,64.4,88,1,4.99
342,Verkhnyaya Inta,RU,2021-03-25 02:26:26,65.9811,60.3094,28.51,89,100,15.05
343,Encruzilhada Do Sul,BR,2021-03-25 02:26:26,-30.5439,-52.5219,61.43,97,0,4.56
344,Presidencia Roque Saenz Pena,AR,2021-03-25 02:26:26,-26.7852,-60.4388,79.0,80,15,3.0
345,Olinda,BR,2021-03-25 02:26:27,-8.0089,-34.8553,77.0,78,40,13.8
346,Vredendal,ZA,2021-03-25 02:26:27,-31.6683,18.5012,74.77,43,0,3.62
347,Mozarlandia,BR,2021-03-25 02:26:27,-14.7447,-50.5706,74.82,71,100,4.61
348,Waingapu,ID,2021-03-25 02:26:28,-9.6567,120.2641,84.2,71,39,1.66
349,Tala,EG,2021-03-25 02:26:28,30.6803,30.9429,47.37,82,6,4.34
350,Sept-Iles,CA,2021-03-25 02:23:51,50.2001,-66.3821,35.6,55,100,9.22
351,Muros,ES,2021-03-25 02:26:28,42.7762,-9.0603,42.01,92,98,4.79
352,Goderich,CA,2021-03-25 02:26:29,43.7501,-81.7165,64.4,48,8,20.71
353,Partenit,UA,2021-03-25 02:26:29,44.578,34.3446,35.01,64,33,6.64
354,Sandane,NO,2021-03-25 02:26:29,61.7728,6.215,37.0,93,94,3.0
355,Mount Isa,AU,2021-03-25 02:26:30,-20.7333,139.5,89.6,31,6,10.36
356,Pontes E Lacerda,BR,2021-03-25 02:26:30,-15.2261,-59.3353,70.39,90,7,2.86
357,Najran,SA,2021-03-25 02:26:30,17.4924,44.1277,64.4,22,0,4.32
358,Miraflores,MX,2021-03-25 02:26:31,19.2167,-98.8083,71.6,18,1,11.5
359,Krasnoarmeysk,RU,2021-03-25 02:22:09,51.0239,45.6969,32.0,90,100,11.01
360,Kidal,ML,2021-03-25 02:26:08,18.4411,1.4078,71.46,8,3,14.27
361,Thiers,FR,2021-03-25 02:26:31,45.8333,3.5,37.4,75,0,4.61
362,Jumla,NP,2021-03-25 02:26:31,29.2747,82.1838,42.49,51,0,3.8
363,Belen,TR,2021-03-25 02:26:32,36.4891,36.2233,48.2,76,75,17.27
364,Mirnyy,RU,2021-03-25 02:26:32,62.5353,113.9611,10.22,87,100,4.61
365,Kailua,US,2021-03-25 02:26:32,21.4022,-157.7394,80.6,69,90,5.75
366,Creel,MX,2021-03-25 02:26:33,27.75,-107.6333,35.71,68,89,19.35
367,Ketchikan,US,2021-03-25 02:24:57,55.3422,-131.6461,42.8,65,90,9.22
368,Henties Bay,NA,2021-03-25 02:26:33,-22.116,14.2845,61.0,95,25,3.0
369,Ozinki,RU,2021-03-25 02:26:34,51.1786,49.6769,27.79,88,100,20.49
370,Likhoslavl,RU,2021-03-25 02:26:34,57.1275,35.464,27.93,96,17,5.03
371,Chuy,UY,2021-03-25 02:26:34,-33.6971,-53.4616,66.09,86,1,7.18
372,Los Llanos De Aridane,ES,2021-03-25 02:26:34,28.6585,-17.9182,64.4,77,0,5.75
373,Charlestown,AU,2021-03-25 02:26:35,-32.95,151.6667,82.0,57,6,6.64
374,Ascension,US,2021-03-25 02:26:35,30.2169,-90.9001,66.2,94,90,4.61
375,Imbituba,BR,2021-03-25 02:26:36,-28.24,-48.6703,73.4,88,75,12.66
376,Lazaro Cardenas,MX,2021-03-25 02:24:21,17.9583,-102.2,73.78,71,28,4.92
377,Surami,GE,2021-03-25 02:26:36,42.0243,43.5556,32.23,91,100,5.37
378,Ostrovnoy,RU,2021-03-25 02:26:36,68.0531,39.5131,32.67,83,43,20.6
379,Kaeo,NZ,2021-03-25 02:26:37,-35.1,173.7833,75.0,63,11,5.99
380,Moyale,KE,2021-03-25 02:26:37,3.5167,39.0584,67.33,30,16,7.4
381,Sao Jose Da Coroa Grande,BR,2021-03-25 02:26:37,-8.8978,-35.1478,78.1,79,15,8.46
382,Deloraine,AU,2021-03-25 02:26:38,-41.5333,146.6667,66.99,67,100,1.99
383,Makakilo City,US,2021-03-25 02:26:38,21.3469,-158.0858,80.6,83,90,6.91
384,Damara,CF,2021-03-25 02:26:38,4.9608,18.7035,77.0,88,40,6.91
385,Sumenep,ID,2021-03-25 02:26:39,-7.0167,113.8667,83.14,74,100,2.01
386,Yarmouth,US,2021-03-25 02:26:39,41.7057,-70.2286,46.99,93,90,5.75
387,San Clemente,US,2021-03-25 02:26:39,33.427,-117.612,61.0,49,1,6.02
388,Kez,RU,2021-03-25 02:26:39,57.8979,53.7152,28.96,96,100,6.04
389,Honiara,SB,2021-03-25 02:25:27,-9.4333,159.95,84.06,77,90,3.6
390,Dwarka,IN,2021-03-25 02:26:40,22.2394,68.9678,76.96,61,0,9.33
391,Muana,BR,2021-03-25 02:26:40,-1.5283,-49.2167,73.69,96,100,5.61
392,Vestmannaeyjar,IS,2021-03-25 02:26:41,63.4427,-20.2734,35.49,56,100,4.09
393,Kuliyapitiya,LK,2021-03-25 02:26:41,7.4688,80.0401,77.0,88,75,2.3
394,Mount Gambier,AU,2021-03-25 02:26:41,-37.8333,140.7667,64.4,63,75,17.27
395,Tianpeng,CN,2021-03-25 02:26:41,30.9866,103.9393,60.01,1,100,1.03
396,Ibra,OM,2021-03-25 02:24:58,22.6906,58.5334,67.33,52,6,1.19
397,Hals,DK,2021-03-25 02:26:42,56.9961,10.3081,41.0,93,75,14.97
398,Dolinsk,RU,2021-03-25 02:26:42,47.35,142.8,39.2,60,95,8.95
399,Anito,PH,2021-03-25 02:26:42,12.4497,125.2886,80.4,88,81,10.87
400,Rudnichnyy,RU,2021-03-25 02:26:43,59.617,52.4703,32.16,96,100,10.33
401,Miri,MY,2021-03-25 02:26:43,4.4148,114.0089,84.2,84,40,4.61
402,Chokurdakh,RU,2021-03-25 02:26:43,70.6333,147.9167,-10.53,94,85,6.2
403,Ayan,RU,2021-03-25 02:26:44,56.45,138.1667,16.02,53,15,10.76
404,Havelock,US,2021-03-25 02:26:44,34.8791,-76.9013,63.0,100,1,5.75
405,Thompson,CA,2021-03-25 02:26:44,55.7435,-97.8558,8.6,52,75,6.91
406,Middelburg,ZA,2021-03-25 02:26:45,-25.7751,29.4648,58.33,91,93,3.8
407,Grand-Lahou,CI,2021-03-25 02:26:45,5.1367,-5.0242,78.55,88,100,5.99
408,At-Bashi,KG,2021-03-25 02:26:45,41.1702,75.8106,26.87,55,71,1.74
409,Zalantun,CN,2021-03-25 02:26:46,48.0,122.7167,46.56,47,40,9.86
410,Port Elizabeth,ZA,2021-03-25 02:26:46,-33.918,25.5701,68.0,88,75,9.22
411,Bobrovka,RU,2021-03-25 02:26:46,54.047,61.7455,14.34,91,37,6.49
412,Hami,CN,2021-03-25 02:26:47,42.8,93.45,49.82,37,39,11.45
413,Oistins,BB,2021-03-25 02:25:02,13.0667,-59.5333,78.8,57,20,18.41
414,Kampong Thum,KH,2021-03-25 02:26:47,12.7111,104.8887,87.75,49,100,7.94
415,Itoman,JP,2021-03-25 02:26:47,26.1247,127.6694,73.0,64,20,13.8
416,Gaya,IN,2021-03-25 02:25:32,24.7833,85.0,73.4,53,1,3.44
417,Nyuksenitsa,RU,2021-03-25 02:26:48,60.4128,44.2397,34.47,93,100,11.18
418,Lancaster,US,2021-03-25 02:25:31,40.2504,-76.2499,57.2,88,90,6.91
419,Gimbi,ET,2021-03-25 02:26:48,9.1667,35.8333,60.19,69,18,3.71
420,Cedar City,US,2021-03-25 02:26:48,37.6775,-113.0619,42.8,33,1,3.78
421,Warrington,GB,2021-03-25 02:25:52,53.3925,-2.5802,46.4,87,90,8.05
422,Altay,CN,2021-03-25 02:26:49,47.8667,88.1167,27.03,57,10,4.97
423,Tanete,ID,2021-03-25 02:26:49,-3.9443,119.7848,88.11,65,100,1.21
424,Noumea,NC,2021-03-25 02:25:14,-22.2763,166.4572,88.0,48,75,5.75
425,Sapa,PH,2021-03-25 02:26:50,5.1544,120.3241,79.45,85,100,11.41
426,Taltal,CL,2021-03-25 02:26:50,-25.4,-70.4833,66.63,80,3,4.72
427,Rio Gallegos,AR,2021-03-25 02:26:50,-51.6226,-69.2181,46.4,61,0,16.11
428,Ormara,PK,2021-03-25 02:26:51,25.2088,64.6357,75.27,53,0,5.03
429,Lorengau,PG,2021-03-25 02:26:51,-2.0226,147.2712,84.51,70,74,6.91
430,Villa Carlos Paz,AR,2021-03-25 02:26:51,-31.4241,-64.4978,71.01,95,78,1.99
431,Santa Cruz De La Palma,ES,2021-03-25 02:26:52,28.6835,-17.7642,64.4,77,0,5.75
432,Constitucion,CL,2021-03-25 02:25:56,-35.3333,-72.4167,53.62,83,84,14.36
433,Tsybuliv,UA,2021-03-25 02:26:52,49.0766,29.8461,29.89,81,99,12.97
434,Madimba,TZ,2021-03-25 02:26:52,-10.4,40.3333,75.2,94,20,9.22
435,Arlit,NE,2021-03-25 02:26:53,18.7369,7.3853,72.1,12,1,9.08
436,Laizhou,CN,2021-03-25 02:26:53,37.1717,119.9214,62.08,25,0,5.46
437,Beloha,MG,2021-03-25 02:26:53,-25.1667,45.05,66.06,92,31,5.48
438,Yumen,CN,2021-03-25 02:26:54,40.2833,97.2,46.99,23,100,15.3
439,Welby,US,2021-03-25 02:26:54,39.8367,-104.9592,37.0,63,94,0.94
440,Hajipur,IN,2021-03-25 02:26:54,25.6833,85.2167,73.4,40,0,8.05
441,Exmouth,GB,2021-03-25 02:26:55,50.6172,-3.4023,44.01,93,0,1.14
442,Svetlogorsk,BY,2021-03-25 02:26:55,52.6333,29.7333,27.14,83,41,3.29
443,Kruisfontein,ZA,2021-03-25 02:26:55,-34.0033,24.7314,70.0,81,100,7.0
444,Viransehir,TR,2021-03-25 02:25:19,37.2353,39.7631,42.03,88,25,8.77
445,Sturgis,US,2021-03-25 02:26:56,41.7992,-85.4192,55.4,71,40,9.22
446,Garut,ID,2021-03-25 02:26:56,-7.2024,107.8878,77.36,76,100,0.29
447,Tabou,CI,2021-03-25 02:23:12,4.423,-7.3528,77.92,87,100,4.05
448,Hanover Park,US,2021-03-25 02:22:21,41.9995,-88.1451,48.2,87,90,9.22
449,Santiago,CL,2021-03-25 02:23:36,-33.4569,-70.6483,64.0,67,0,10.36
450,Rabo De Peixe,PT,2021-03-25 02:26:57,37.8,-25.5833,55.4,71,20,12.66
451,Newport,GB,2021-03-25 02:26:26,51.5877,-2.9984,44.01,92,3,9.46
452,Bowen,AU,2021-03-25 02:26:57,-20.0167,148.2333,91.4,58,40,5.75
453,Ishigaki,JP,2021-03-25 02:26:58,24.3448,124.1572,71.6,68,20,13.8
454,Nemuro,JP,2021-03-25 02:26:58,43.3236,145.575,50.0,62,0,4.61
455,Erfurt,DE,2021-03-25 02:26:58,50.9833,11.0333,42.01,75,0,10.36
456,Troitskoye,RU,2021-03-25 02:26:59,52.9821,84.6757,27.55,88,100,7.23
457,Saint Anthony,US,2021-03-25 02:26:59,45.0205,-93.218,41.0,75,90,8.05
458,Eseka,CM,2021-03-25 02:26:59,3.65,10.7667,70.09,96,100,2.04
459,Egersund,NO,2021-03-25 02:27:00,58.4513,5.9997,42.01,94,89,12.97
460,Pavlodar,KZ,2021-03-25 02:27:00,52.3,76.95,21.2,86,0,4.47
461,Araguacu,BR,2021-03-25 02:27:00,-12.9306,-49.8264,75.16,74,98,3.71
462,Gravelbourg,CA,2021-03-25 02:27:01,49.8834,-106.5512,42.8,39,100,5.75
463,Bathsheba,BB,2021-03-25 02:27:01,13.2167,-59.5167,78.8,57,20,18.41
464,Uige,AO,2021-03-25 02:27:01,-7.6087,15.0613,68.29,98,100,1.79
465,Tateyama,JP,2021-03-25 02:27:02,34.9833,139.8667,64.0,77,75,9.22
466,Belousovka,KZ,2021-03-25 02:27:02,50.1339,82.5239,30.2,74,75,8.95
467,Bogande,BF,2021-03-25 02:27:02,12.9714,-0.1436,81.81,15,27,11.21
468,Manati,PR,2021-03-25 02:27:03,18.4275,-66.4921,73.99,89,0,8.37
469,Hambantota,LK,2021-03-25 02:27:03,6.1241,81.1185,75.2,100,75,4.61
470,Miracema,BR,2021-03-25 02:27:03,-21.4122,-42.1967,71.17,94,13,2.86
471,Zimovniki,RU,2021-03-25 02:27:04,47.1483,42.4633,32.77,99,100,5.41
472,Rock Springs,US,2021-03-25 02:27:04,41.5875,-109.2029,33.01,47,1,17.27
473,Nizwa,OM,2021-03-25 02:27:04,22.9333,57.5333,68.79,46,8,1.28
474,Chernoyerkovskaya,RU,2021-03-25 02:27:05,45.4331,37.7686,33.8,80,100,4.47
475,Cassilandia,BR,2021-03-25 02:27:05,-19.1133,-51.7342,74.75,63,100,3.18
476,Sibolga,ID,2021-03-25 02:27:05,1.7427,98.7792,79.95,79,98,1.05
477,Ko Samui,TH,2021-03-25 02:27:06,9.5357,99.9357,82.4,78,75,6.91
478,Lasa,IT,2021-03-25 02:27:06,46.6166,10.7002,39.99,74,0,8.05
479,Maniitsoq,GL,2021-03-25 02:27:06,65.4167,-52.9,-0.78,83,100,7.2
480,Puerto Escondido,MX,2021-03-25 02:23:19,15.85,-97.0667,78.8,78,1,5.75
481,Bayan,CN,2021-03-25 02:27:07,46.0833,127.4,40.89,75,100,9.73
482,Shiliguri,IN,2021-03-25 02:27:07,26.7,88.4333,66.2,82,20,1.14
483,Kurush,RU,2021-03-25 02:27:08,41.2841,47.8345,44.6,87,75,3.44
484,Pemba,MZ,2021-03-25 02:27:08,-12.974,40.5178,77.0,94,75,6.91
485,Haubourdin,FR,2021-03-25 02:27:08,50.6083,2.9914,45.0,87,100,4.61
486,Kangaatsiaq,GL,2021-03-25 02:27:08,68.3065,-53.4641,-4.58,80,100,14.45
487,Karatau,KZ,2021-03-25 02:27:09,43.1667,70.4667,54.39,47,37,7.29
488,Fargo,US,2021-03-25 02:27:09,46.8772,-96.7898,39.99,51,1,8.05
489,Aksu,CN,2021-03-25 02:27:09,41.1231,80.2644,52.29,22,100,4.97
490,Goundam,ML,2021-03-25 02:27:10,16.4145,-3.6708,76.46,8,9,12.28
491,Asind,IN,2021-03-25 02:27:10,25.7333,74.3333,69.28,25,0,3.15
492,Mogadishu,SO,2021-03-25 02:25:36,2.0371,45.3438,77.72,77,3,13.09
493,Assiniboia,CA,2021-03-25 02:27:10,49.6334,-105.9845,42.8,39,100,5.75
494,Santa Fe,AR,2021-03-25 02:26:17,-31.6333,-60.7,75.99,87,54,1.99
495,Epe,NG,2021-03-25 02:27:11,6.5841,3.9834,78.28,82,94,6.8
496,Brighton,GB,2021-03-25 02:25:50,50.8284,-0.1395,46.0,98,100,1.01
497,Hampton,US,2021-03-25 02:22:35,37.0299,-76.3452,61.0,100,90,9.22
498,Skjervoy,NO,2021-03-25 02:27:11,70.0311,20.9714,37.99,92,100,31.97
499,Kaniama,CD,2021-03-25 02:27:12,-7.5667,24.1833,64.98,95,100,1.83
500,Samarai,PG,2021-03-25 02:27:12,-10.6167,150.6667,85.57,68,92,6.73
501,Pisco,PE,2021-03-25 02:24:52,-13.7,-76.2167,69.01,83,0,12.66
502,Quzhou,CN,2021-03-25 02:27:13,28.9594,118.8686,62.91,66,0,6.55
503,Chenzhou,CN,2021-03-25 02:27:13,25.8,113.0333,72.5,47,0,1.57
504,Tuatapere,NZ,2021-03-25 02:27:13,-46.1333,167.6833,64.0,73,8,1.99
505,Farmington,US,2021-03-25 02:27:14,36.7281,-108.2187,39.2,65,1,5.75
506,Parbatipur,BD,2021-03-25 02:24:11,25.6649,88.9247,83.25,17,6,9.44
507,Yenagoa,NG,2021-03-25 02:27:14,4.9247,6.2642,74.68,90,100,3.42
508,Vila,PT,2021-03-25 02:27:14,42.0304,-8.1588,41.0,89,100,3.31
509,Nosy Varika,MG,2021-03-25 02:27:15,-20.5833,48.5333,73.54,93,36,7.45
510,San Cristobal,VE,2021-03-25 02:27:15,7.7669,-72.225,77.0,88,40,4.61
511,Luwingu,ZM,2021-03-25 02:27:15,-10.2621,29.9271,58.98,98,25,3.18
512,Luan,CH,2021-03-25 02:27:15,46.3592,6.9759,39.99,65,0,2.3
513,Saint-Augustin,CA,2021-03-25 02:27:16,51.226,-58.6502,26.06,96,100,4.18
514,Tongren,CN,2021-03-25 02:27:16,27.7172,109.1853,59.99,75,100,2.64
515,Whitley Bay,GB,2021-03-25 02:27:16,55.0397,-1.4471,46.0,87,75,6.91
516,Berlevag,NO,2021-03-25 02:27:17,70.8578,29.0864,31.46,85,58,12.59
517,Leeton,AU,2021-03-25 02:27:17,-34.5667,146.4,71.01,64,75,11.5
518,Inuvik,CA,2021-03-25 02:27:17,68.3499,-133.7218,15.8,57,100,2.3
519,Coos Bay,US,2021-03-25 02:27:18,43.3665,-124.2179,46.99,93,90,10.36
520,Alghero,IT,2021-03-25 02:27:18,40.5589,8.3181,39.2,100,0,2.3
521,Kizukuri,JP,2021-03-25 02:27:18,40.8061,140.3861,59.0,71,75,4.61
522,Kaset Sombun,TH,2021-03-25 02:27:19,16.2805,101.9542,86.41,45,100,4.65
523,Biak,ID,2021-03-25 02:27:19,-0.9131,122.8766,81.46,73,100,0.81
524,Sarahan,IN,2021-03-25 02:27:19,31.5167,77.8,38.12,51,0,10.69
525,San Pedro,PH,2021-03-25 02:27:20,14.35,121.0167,89.01,66,20,3.44
526,Fare,PF,2021-03-25 02:27:20,-16.7,-151.0167,83.59,74,100,20.76
527,Ambunti,PG,2021-03-25 02:27:20,-4.2365,142.8448,90.21,57,100,2.3
528,Namatanai,PG,2021-03-25 02:27:21,-3.6667,152.4333,84.56,68,94,8.66
529,Katsuura,JP,2021-03-25 02:27:21,35.1333,140.3,66.0,59,75,12.66
530,Shasta Lake,US,2021-03-25 02:27:21,40.6804,-122.3708,64.4,32,1,11.5
531,Mount Pleasant,US,2021-03-25 02:26:55,32.7941,-79.8626,66.0,100,20,8.03
532,Abnub,EG,2021-03-25 02:27:22,27.2696,31.1511,66.2,37,0,12.66
533,Sambava,MG,2021-03-25 02:27:22,-14.2667,50.1667,75.45,90,6,3.94
534,Daru,PG,2021-03-25 02:27:22,-9.0763,143.2092,82.87,77,100,3.0
535,Coolum Beach,AU,2021-03-25 02:27:23,-26.5333,153.1,84.0,45,0,1.01
536,Vladeni,RO,2021-03-25 02:27:23,47.7167,26.5167,32.0,59,0,12.66
537,Coquimbo,CL,2021-03-25 02:23:16,-29.9533,-71.3436,59.0,82,0,4.61
538,Pajapan,MX,2021-03-25 02:27:23,18.25,-94.7,78.3,62,0,14.0
539,Palmas Bellas,PA,2021-03-25 02:27:24,9.2319,-80.0867,79.0,80,8,21.99
540,Belyy Yar,RU,2021-03-25 02:27:24,53.6039,91.3903,28.4,54,0,15.66
541,Avanigadda,IN,2021-03-25 02:27:24,16.0215,80.9181,77.0,83,25,4.0
542,Barcelos,PT,2021-03-25 02:27:25,41.5388,-8.6151,46.99,93,0,2.64
543,Beira,MZ,2021-03-25 02:27:25,-19.8436,34.8389,78.8,69,20,5.75
544,Manaure,CO,2021-03-25 02:27:25,11.7751,-72.4445,78.69,75,85,19.35
545,Severo-Yeniseyskiy,RU,2021-03-25 02:27:25,60.3725,93.0408,22.98,92,100,12.3
546,San Antonio,US,2021-03-25 02:23:14,29.4241,-98.4936,71.6,78,20,10.36
547,Alice Springs,AU,2021-03-25 02:24:37,-23.7,133.8833,87.01,41,0,11.5
548,Coihueco,CL,2021-03-25 02:27:26,-36.6167,-71.8333,57.2,62,100,5.75
549,Dalvik,IS,2021-03-25 02:27:26,65.9702,-18.5286,32.0,59,75,6.91
550,Dodge City,US,2021-03-25 02:27:27,37.7528,-100.0171,34.0,93,90,3.44
551,Kununurra,AU,2021-03-25 02:27:27,-15.7667,128.7333,84.2,84,100,6.91
552,Mengcheng,CN,2021-03-25 02:27:27,33.2579,116.5655,64.9,57,72,8.97
553,Beringovskiy,RU,2021-03-25 02:27:28,63.05,179.3167,17.46,80,17,3.49
554,Ngunguru,NZ,2021-03-25 02:27:28,-35.6167,174.5,75.0,63,5,5.99
555,Norsup,VU,2021-03-25 02:27:28,-16.0667,167.3833,82.53,75,91,9.06
556,Katangli,RU,2021-03-25 02:27:29,51.7102,143.2326,28.42,56,8,8.19
557,Lubumbashi,CD,2021-03-25 02:25:16,-11.6609,27.4794,61.18,98,96,3.02
558,Ostersund,SE,2021-03-25 02:27:29,63.1792,14.6357,35.6,60,100,5.75
559,Arucas,ES,2021-03-25 02:27:29,28.1198,-15.5233,75.2,25,0,6.91
560,Buala,SB,2021-03-25 02:27:30,-8.145,159.5921,86.0,65,80,5.01
561,Kysyl-Syr,RU,2021-03-25 02:27:30,63.8986,122.7617,0.36,92,79,2.82
562,Syracuse,IT,2021-03-25 02:27:30,37.0881,15.2792,45.0,87,40,11.5
563,Coahuayana,MX,2021-03-25 02:27:31,18.7333,-103.6833,68.38,69,2,1.19
564,West Wendover,US,2021-03-25 02:27:31,40.7391,-114.0733,46.4,29,1,3.44
565,Ambulu,ID,2021-03-25 02:27:31,-8.345,113.6058,83.43,73,91,0.85
566,Beauvais,FR,2021-03-25 02:27:32,49.4167,2.0,44.6,100,100,1.14
567,San Policarpo,PH,2021-03-25 02:27:32,12.1791,125.5072,81.1,84,43,12.88
568,Port-Gentil,GA,2021-03-25 02:27:32,-0.7193,8.7815,80.47,76,100,9.62
569,Kenai,US,2021-03-25 02:27:33,60.5544,-151.2583,35.6,80,40,5.75
570,Moron,AR,2021-03-25 02:27:33,-34.6534,-58.6198,75.0,73,90,3.44
571,Opuwo,NA,2021-03-25 02:27:33,-18.0607,13.84,69.46,83,98,1.52
572,Tarata,BO,2021-03-25 02:27:34,-17.6167,-66.0167,66.2,55,75,6.91
573,Cap Malheureux,MU,2021-03-25 02:27:34,-19.9842,57.6142,77.0,88,17,6.6
574,Wadi Maliz,TN,2021-03-25 02:27:34,36.4681,8.5495,41.0,93,40,1.14
575,Rockingham,US,2021-03-25 02:27:35,42.9668,-71.0995,50.0,73,100,3.51
576,Nuuk,GL,2021-03-25 02:27:35,64.1835,-51.7216,6.8,85,75,2.3
577,Mayor Pablo Lagerenza,PY,2021-03-25 02:27:35,-19.9309,-60.7718,76.23,64,11,5.26
578,Makasar,ID,2021-03-25 02:27:36,-5.14,119.4221,86.0,70,20,3.44
579,Paamiut,GL,2021-03-25 02:27:36,61.994,-49.6678,12.97,85,100,12.17
580,Rengali,IN,2021-03-25 02:27:36,21.6333,84.05,77.0,53,20,3.89
